what,kind,bundleId,bundleVersion,description,time
started,bundle,org.eclipse.ui.forms,3.5.100.v20110425,"org.eclipse.ui.forms",1326442194542
started,bundle,org.eclipse.ui.ide,3.7.0.I20110519-0100,"org.eclipse.ui.ide",1326442194551
started,bundle,org.eclipse.ui.intro,3.4.100.v20110425,"org.eclipse.ui.intro",1326442194555
started,bundle,org.eclipse.ui.intro.universal,3.2.500.v20110510,"org.eclipse.ui.intro.universal",1326442194555
started,bundle,org.eclipse.ui.net,1.2.100.I20110511-0800,"org.eclipse.ui.net",1326442194559
started,bundle,org.eclipse.ui.views,3.6.0.I20110412-0800,"org.eclipse.ui.views",1326442194562
started,bundle,org.eclipse.ui.views.log,1.0.200.v20110404,"org.eclipse.ui.views.log",1326442194563
started,bundle,org.eclipse.ui.workbench,3.7.0.I20110519-0100,"org.eclipse.ui.workbench",1326442194564
started,bundle,org.eclipse.ui.workbench.texteditor,3.7.0.v20110505-0800,"org.eclipse.ui.workbench.texteditor",1326442194565
started,bundle,org.eclipse.update.configurator,3.3.100.v20100512,"org.eclipse.update.configurator",1326442194568
started,bundle,org.eclipse.update.core,3.2.500.v20110330,"org.eclipse.update.core",1326442194569
started,bundle,org.eclipse.update.scheduler,3.2.300.v20100512,"org.eclipse.update.scheduler",1326442194569
started,bundle,org.eclipse.wst.common.project.facet.core,1.4.200.v201103170332,"org.eclipse.wst.common.project.facet.core",1326442194579
started,bundle,org.eclipse.wst.web,1.1.500.v201104251400,"org.eclipse.wst.web",1326442194580
started,bundle,org.eclipse.dltk.core,3.0.1.v20110823,"org.eclipse.dltk.core",1326442194580
started,bundle,org.eclipse.dltk.launching,3.0.0.v20110423,"org.eclipse.dltk.launching",1326442194582
started,bundle,org.eclipse.dltk.ui,3.0.1.v20110823,"org.eclipse.dltk.ui",1326442194588
started,bundle,org.eclipse.emf.common,2.7.0.v20110912-0920,"org.eclipse.emf.common",1326442194596
started,bundle,org.eclipse.emf.ecore,2.7.0.v20110912-0920,"org.eclipse.emf.ecore",1326442194602
started,bundle,org.eclipse.php.core,3.0.0.v20110516-1100,"org.eclipse.php.core",1326442194603
started,bundle,org.eclipse.php.debug.ui,3.0.0.v20110516-1100,"org.eclipse.php.debug.ui",1326442194604
started,bundle,org.eclipse.php.ui,3.0.0.v20110516-1100,"org.eclipse.php.ui",1326442194619
started,bundle,org.eclipse.wst.sse.core,1.1.601.v201108151912,"org.eclipse.wst.sse.core",1326442194620
started,bundle,org.eclipse.wst.sse.ui,1.3.1.v201108191312,"org.eclipse.wst.sse.ui",1326442194621
started,bundle,com.python.pydev.analysis,2.3.0.2011121518,"com.python.pydev.analysis",1326442194622
started,bundle,org.python.pydev,2.3.0.2011121518,"org.python.pydev",1326442194622
started,bundle,org.python.pydev.core,2.3.0.2011121518,"org.python.pydev.core",1326442194622
started,bundle,org.python.pydev.debug,2.3.0.2011121518,"org.python.pydev.debug",1326442194632
started,bundle,org.eclipse.cdt.make.core,7.1.1.201109151620,"org.eclipse.cdt.make.core",1326442194632
started,bundle,com.android.ide.eclipse.adt,16.0.1.v201112150204-238534,"com.android.ide.eclipse.adt",1326442194632
started,bundle,com.android.ide.eclipse.ddms,16.0.1.v201112150204-238534,"com.android.ide.eclipse.ddms",1326442194633
started,bundle,com.android.ide.eclipse.traceview,16.0.1.v201112150204-238534,"com.android.ide.eclipse.traceview",1326442194633
os,sysinfo,,,"linux",1326442194642
arch,sysinfo,,,"x86_64",1326442194642
ws,sysinfo,,,"gtk",1326442194642
locale,sysinfo,,,"en_US",1326442194642
processors,sysinfo,,,"2",1326442194643
java.runtime.name,sysinfo,,,"OpenJDK Runtime Environment",1326442194643
java.runtime.version,sysinfo,,,"1.6.0_22-b22",1326442194643
java.specification.name,sysinfo,,,"Java Platform API Specification",1326442194643
java.specification.vendor,sysinfo,,,"Sun Microsystems Inc.",1326442194643
java.specification.version,sysinfo,,,"1.6",1326442194643
java.vendor,sysinfo,,,"Sun Microsystems Inc.",1326442194643
java.version,sysinfo,,,"1.6.0_22",1326442194643
java.vm.info,sysinfo,,,"mixed mode",1326442194643
java.vm.name,sysinfo,,,"OpenJDK 64-Bit Server VM",1326442194643
java.vm.specification.name,sysinfo,,,"Java Virtual Machine Specification",1326442194643
java.vm.specification.vendor,sysinfo,,,"Sun Microsystems Inc.",1326442194643
java.vm.specification.version,sysinfo,,,"1.0",1326442194643
java.vm.vendor,sysinfo,,,"Sun Microsystems Inc.",1326442194643
java.vm.version,sysinfo,,,"20.0-b11",1326442194643
started,bundle,org.eclipse.dltk.core.index.sql,3.0.0.v20110423,"org.eclipse.dltk.core.index.sql",1326442194702
started,bundle,org.eclipse.cdt.managedbuilder.core,8.0.1.201109151620,"org.eclipse.cdt.managedbuilder.core",1326442194740
started,bundle,org.eclipse.cdt.core,5.3.1.201109151620,"org.eclipse.cdt.core",1326442194893
started,bundle,org.eclipse.wst.xml.core,1.1.601.v201108302147,"org.eclipse.wst.xml.core",1326442194947
started,bundle,org.eclipse.cdt.ui,5.3.1.201109151620,"org.eclipse.cdt.ui",1326442195372
started,bundle,org.eclipse.cdt.make.ui,7.1.1.201109151620,"org.eclipse.cdt.make.ui",1326442195405
started,bundle,org.eclipse.wst.jsdt.core,1.1.101.v201108151912,"org.eclipse.wst.jsdt.core",1326442196088
opened,view,org.eclipse.ui.ide,3.7.0.I20110519-0100,"org.eclipse.ui.views.ProblemView",1326442197882
started,bundle,org.eclipse.wst.validation,1.2.302.v201107140600,"org.eclipse.wst.validation",1326442199445
started,bundle,org.eclipse.wst.common.frameworks,1.2.101.v201107192200,"org.eclipse.wst.common.frameworks",1326442199827
started,bundle,org.eclipse.wst.dtd.core,1.1.501.v201107252021,"org.eclipse.wst.dtd.core",1326442199883
started,bundle,org.eclipse.wst.html.ui,1.0.601.v201108152113,"org.eclipse.wst.html.ui",1326442199904
started,bundle,org.eclipse.jst.jsp.core,1.2.401.v201108302147,"org.eclipse.jst.jsp.core",1326442200016
started,bundle,org.eclipse.dltk.validators.core,3.0.0.v20110423,"org.eclipse.dltk.validators.core",1326442200085
started,bundle,org.eclipse.wst.wsdl.validation,1.1.502.v201104071820,"org.eclipse.wst.wsdl.validation",1326442200108
started,bundle,org.eclipse.wst.xsd.core,1.1.600.v201104070312,"org.eclipse.wst.xsd.core",1326442200112
started,bundle,org.eclipse.dltk.validators.externalchecker,3.0.0.v20110423,"org.eclipse.dltk.validators.externalchecker",1326442200155
started,bundle,org.eclipse.wst.xsl.core,1.1.100.v201102270516,"org.eclipse.wst.xsl.core",1326442200159
started,bundle,org.eclipse.wst.wsi.ui,1.0.502.v201104071820,"org.eclipse.wst.wsi.ui",1326442200187
started,bundle,org.eclipse.dltk.core.index.sql.h2,3.0.0.v20110423,"org.eclipse.dltk.core.index.sql.h2",1326442201117
activated,workbench,org.eclipse.ui.workbench,3.7.0.I20110519-0100,"",1326442204431
activated,view,org.eclipse.ui.console,3.5.100.v20110511,"org.eclipse.ui.console.ConsoleView",1326442205801
started,bundle,org.eclipse.ui.navigator,3.5.100.I20110524-0800,"org.eclipse.ui.navigator",1326442205802
executed,command,org.eclipse.ui,3.7.0.I20110602-0100,"org.eclipse.ui.edit.copy",1326442216596
activated,perspective,org.eclipse.jdt.ui,,"org.eclipse.jdt.ui.JavaPerspective",1326442498815
started,bundle,org.eclipse.osgi,3.7.0.v20110613,"org.eclipse.osgi",1326442498816
started,bundle,org.eclipse.equinox.simpleconfigurator,1.0.200.v20110502-1955,"org.eclipse.equinox.simpleconfigurator",1326442498831
started,bundle,com.ibm.icu,4.4.2.v20110208,"com.ibm.icu",1326442498916
started,bundle,org.eclipse.compare.core,3.5.200.I20110208-0800,"org.eclipse.compare.core",1326442498916
started,bundle,org.eclipse.core.contenttype,3.4.100.v20110423-0524,"org.eclipse.core.contenttype",1326442498925
started,bundle,org.eclipse.core.databinding.observable,1.4.0.I20110222-0800,"org.eclipse.core.databinding.observable",1326442498933
started,bundle,org.eclipse.core.expressions,3.4.300.v20110228,"org.eclipse.core.expressions",1326442498937
started,bundle,org.eclipse.core.filebuffers,3.5.200.v20110505-0800,"org.eclipse.core.filebuffers",1326442498945
started,bundle,org.eclipse.core.filesystem,1.3.100.v20110423-0524,"org.eclipse.core.filesystem",1326442498945
started,bundle,org.eclipse.core.jobs,3.5.100.v20110404,"org.eclipse.core.jobs",1326442498954
started,bundle,org.eclipse.core.net,1.2.100.I20110511-0800,"org.eclipse.core.net",1326442498955
started,bundle,org.eclipse.core.resources,3.7.100.v20110510-0712,"org.eclipse.core.resources",1326442498965
started,bundle,org.eclipse.core.runtime,3.7.0.v20110110,"org.eclipse.core.runtime",1326442498965
started,bundle,org.eclipse.core.runtime.compatibility,3.2.100.v20100505,"org.eclipse.core.runtime.compatibility",1326442498972
started,bundle,org.eclipse.core.runtime.compatibility.auth,3.2.200.v20110110,"org.eclipse.core.runtime.compatibility.auth",1326442498978
started,bundle,org.eclipse.core.variables,3.2.500.v20110511,"org.eclipse.core.variables",1326442498979
started,bundle,org.eclipse.debug.core,3.7.0.v20110518,"org.eclipse.debug.core",1326442498982
started,bundle,org.eclipse.debug.ui,3.7.0.v20110518,"org.eclipse.debug.ui",1326442498992
started,bundle,org.eclipse.emf.ecore.xmi,2.7.0.v20110520-1406,"org.eclipse.emf.ecore.xmi",1326442499000
started,bundle,org.eclipse.epp.mpc.ui,1.1.0.I20110525-0742,"org.eclipse.epp.mpc.ui",1326442499017
started,bundle,org.eclipse.epp.usagedata.gathering,1.3.1.R201106061540,"org.eclipse.epp.usagedata.gathering",1326442499018
started,bundle,org.eclipse.epp.usagedata.recording,1.3.1.R201106061540,"org.eclipse.epp.usagedata.recording",1326442499018
started,bundle,org.eclipse.equinox.app,1.3.100.v20110321,"org.eclipse.equinox.app",1326442499077
started,bundle,org.eclipse.equinox.common,3.6.0.v20110523,"org.eclipse.equinox.common",1326442499086
started,bundle,org.eclipse.equinox.ds,1.3.0.v20110502,"org.eclipse.equinox.ds",1326442499095
started,bundle,org.eclipse.equinox.event,1.2.100.v20110502,"org.eclipse.equinox.event",1326442499106
started,bundle,org.eclipse.equinox.p2.core,2.1.0.v20110502-1955,"org.eclipse.equinox.p2.core",1326442499107
started,bundle,org.eclipse.equinox.p2.directorywatcher,1.0.300.v20110502-1955,"org.eclipse.equinox.p2.directorywatcher",1326442499113
started,bundle,org.eclipse.equinox.p2.engine,2.1.0.v20110511,"org.eclipse.equinox.p2.engine",1326442499115
started,bundle,org.eclipse.equinox.p2.metadata,2.1.0.v20110510,"org.eclipse.equinox.p2.metadata",1326442499149
started,bundle,org.eclipse.equinox.p2.metadata.repository,1.2.0.v20110511-1359,"org.eclipse.equinox.p2.metadata.repository",1326442499161
started,bundle,org.eclipse.equinox.p2.operations,2.1.0.v20110511-1821,"org.eclipse.equinox.p2.operations",1326442499161
started,bundle,org.eclipse.equinox.p2.reconciler.dropins,1.1.100.v20110510,"org.eclipse.equinox.p2.reconciler.dropins",1326442499162
started,bundle,org.eclipse.equinox.p2.repository,2.1.0.v20110601,"org.eclipse.equinox.p2.repository",1326442499173
started,bundle,org.eclipse.equinox.p2.ui.sdk.scheduler,1.0.100.v20110502-1955,"org.eclipse.equinox.p2.ui.sdk.scheduler",1326442499173
started,bundle,org.eclipse.equinox.p2.updatechecker,1.1.200.v20110502-1955,"org.eclipse.equinox.p2.updatechecker",1326442499174
started,bundle,org.eclipse.equinox.preferences,3.4.0.v20110502,"org.eclipse.equinox.preferences",1326442499193
started,bundle,org.eclipse.equinox.registry,3.5.100.v20110502,"org.eclipse.equinox.registry",1326442499213
started,bundle,org.eclipse.equinox.security,1.1.0.v20110502,"org.eclipse.equinox.security",1326442499232
started,bundle,org.eclipse.equinox.util,1.0.300.v20110502,"org.eclipse.equinox.util",1326442499249
started,bundle,org.eclipse.help,3.5.100.v20110426,"org.eclipse.help",1326442499310
started,bundle,org.eclipse.jdt.apt.core,3.3.500.v20110420-1015,"org.eclipse.jdt.apt.core",1326442499353
started,bundle,org.eclipse.jdt.core,3.7.0.v_B61,"org.eclipse.jdt.core",1326442499384
started,bundle,org.eclipse.jdt.core.manipulation,1.4.0.v20110505-0800,"org.eclipse.jdt.core.manipulation",1326442499404
started,bundle,org.eclipse.jdt.debug,3.7.0.v20110509,"org.eclipse.jdt.debug",1326442499425
started,bundle,org.eclipse.jdt.debug.ui,3.6.0.v20110512,"org.eclipse.jdt.debug.ui",1326442499425
started,bundle,org.eclipse.jdt.junit,3.7.0.v20110505-0800,"org.eclipse.jdt.junit",1326442499433
started,bundle,org.eclipse.jdt.launching,3.6.0.v20110509,"org.eclipse.jdt.launching",1326442499437
started,bundle,org.eclipse.jdt.ui,3.7.0.v20110531-1200,"org.eclipse.jdt.ui",1326442499437
started,bundle,org.eclipse.jface,3.7.0.I20110522-1430,"org.eclipse.jface",1326442499445
started,bundle,org.eclipse.jsch.core,1.1.300.I20110514-0800,"org.eclipse.jsch.core",1326442499466
started,bundle,org.eclipse.jst.common.project.facet.core,1.4.200.v201103170302,"org.eclipse.jst.common.project.facet.core",1326442499481
started,bundle,org.eclipse.jst.ws.jaxrs.core,1.0.300.v201011231608,"org.eclipse.jst.ws.jaxrs.core",1326442499493
started,bundle,org.eclipse.jst.ws.jaxws.utils,1.0.0.v201004171919,"org.eclipse.jst.ws.jaxws.utils",1326442499498
started,bundle,org.eclipse.ltk.core.refactoring,3.5.200.v20110505-0800,"org.eclipse.ltk.core.refactoring",1326442499521
started,bundle,org.eclipse.ltk.ui.refactoring,3.6.0.v20110505-0800,"org.eclipse.ltk.ui.refactoring",1326442499537
started,bundle,org.eclipse.mylyn.bugzilla.core,3.6.0.v20110608-1400,"org.eclipse.mylyn.bugzilla.core",1326442499545
started,bundle,org.eclipse.mylyn.bugzilla.ui,3.6.0.v20110608-1400,"org.eclipse.mylyn.bugzilla.ui",1326442499578
started,bundle,org.eclipse.mylyn.commons.identity,0.8.0.v20110608-1400,"org.eclipse.mylyn.commons.identity",1326442499578
started,bundle,org.eclipse.mylyn.commons.net,3.6.0.v20110608-1400,"org.eclipse.mylyn.commons.net",1326442499578
started,bundle,org.eclipse.mylyn.commons.ui,3.6.0.v20110608-1400,"org.eclipse.mylyn.commons.ui",1326442499592
started,bundle,org.eclipse.mylyn.context.core,3.6.0.v20110608-1400,"org.eclipse.mylyn.context.core",1326442499595
started,bundle,org.eclipse.mylyn.context.ui,3.6.0.v20110608-1400,"org.eclipse.mylyn.context.ui",1326442499606
started,bundle,org.eclipse.mylyn.monitor.ui,3.6.0.v20110608-1400,"org.eclipse.mylyn.monitor.ui",1326442499617
started,bundle,org.eclipse.mylyn.tasks.ui,3.6.0.v20110608-1400,"org.eclipse.mylyn.tasks.ui",1326442499636
started,bundle,org.eclipse.mylyn.team.ui,3.6.0.v20110608-1400,"org.eclipse.mylyn.team.ui",1326442499657
started,bundle,org.eclipse.pde.launching,3.6.0.v20110506,"org.eclipse.pde.launching",1326442499668
started,bundle,org.eclipse.pde.ui,3.6.100.v20110603,"org.eclipse.pde.ui",1326442499813
started,bundle,org.eclipse.search,3.7.0.v20110505-0800,"org.eclipse.search",1326442499843
started,bundle,org.eclipse.team.core,3.6.0.I20110525-0800,"org.eclipse.team.core",1326442499856
started,bundle,org.eclipse.team.cvs.core,3.3.400.I20110510-0800,"org.eclipse.team.cvs.core",1326442499910
started,bundle,org.eclipse.team.cvs.ui,3.3.400.I20110510-0800,"org.eclipse.team.cvs.ui",1326442500047
started,bundle,org.eclipse.team.ui,3.6.100.I20110525-0800,"org.eclipse.team.ui",1326442500104
started,bundle,org.eclipse.ui,3.7.0.I20110602-0100,"org.eclipse.ui",1326442500140
started,bundle,org.eclipse.ui.console,3.5.100.v20110511,"org.eclipse.ui.console",1326442500171
started,bundle,org.eclipse.ui.editors,3.7.0.v20110517-0800,"org.eclipse.ui.editors",1326442500171
started,bundle,org.eclipse.ui.forms,3.5.100.v20110425,"org.eclipse.ui.forms",1326442500209
started,bundle,org.eclipse.ui.ide,3.7.0.I20110519-0100,"org.eclipse.ui.ide",1326442500302
started,bundle,org.eclipse.ui.intro,3.4.100.v20110425,"org.eclipse.ui.intro",1326442500384
started,bundle,org.eclipse.ui.intro.universal,3.2.500.v20110510,"org.eclipse.ui.intro.universal",1326442500384
started,bundle,org.eclipse.ui.navigator,3.5.100.I20110524-0800,"org.eclipse.ui.navigator",1326442500450
started,bundle,org.eclipse.ui.net,1.2.100.I20110511-0800,"org.eclipse.ui.net",1326442500451
started,bundle,org.eclipse.ui.views,3.6.0.I20110412-0800,"org.eclipse.ui.views",1326442500469
started,bundle,org.eclipse.ui.views.log,1.0.200.v20110404,"org.eclipse.ui.views.log",1326442500545
started,bundle,org.eclipse.ui.workbench,3.7.0.I20110519-0100,"org.eclipse.ui.workbench",1326442500583
started,bundle,org.eclipse.ui.workbench.texteditor,3.7.0.v20110505-0800,"org.eclipse.ui.workbench.texteditor",1326442500652
started,bundle,org.eclipse.update.configurator,3.3.100.v20100512,"org.eclipse.update.configurator",1326442500692
started,bundle,org.eclipse.update.core,3.2.500.v20110330,"org.eclipse.update.core",1326442500717
started,bundle,org.eclipse.update.scheduler,3.2.300.v20100512,"org.eclipse.update.scheduler",1326442500719
started,bundle,org.eclipse.wst.common.project.facet.core,1.4.200.v201103170332,"org.eclipse.wst.common.project.facet.core",1326442500751
started,bundle,org.eclipse.wst.web,1.1.500.v201104251400,"org.eclipse.wst.web",1326442500752
started,bundle,org.eclipse.dltk.core,3.0.1.v20110823,"org.eclipse.dltk.core",1326442500775
started,bundle,org.eclipse.dltk.core.index.sql,3.0.0.v20110423,"org.eclipse.dltk.core.index.sql",1326442500812
started,bundle,org.eclipse.dltk.launching,3.0.0.v20110423,"org.eclipse.dltk.launching",1326442500841
started,bundle,org.eclipse.dltk.ui,3.0.1.v20110823,"org.eclipse.dltk.ui",1326442500857
started,bundle,org.eclipse.emf.common,2.7.0.v20110912-0920,"org.eclipse.emf.common",1326442500871
started,bundle,org.eclipse.emf.ecore,2.7.0.v20110912-0920,"org.eclipse.emf.ecore",1326442500922
started,bundle,org.eclipse.php.core,3.0.0.v20110516-1100,"org.eclipse.php.core",1326442500955
started,bundle,org.eclipse.php.debug.ui,3.0.0.v20110516-1100,"org.eclipse.php.debug.ui",1326442500981
started,bundle,org.eclipse.php.ui,3.0.0.v20110516-1100,"org.eclipse.php.ui",1326442501014
started,bundle,org.eclipse.wst.jsdt.core,1.1.101.v201108151912,"org.eclipse.wst.jsdt.core",1326442501081
started,bundle,org.eclipse.wst.sse.core,1.1.601.v201108151912,"org.eclipse.wst.sse.core",1326442501107
started,bundle,org.eclipse.wst.sse.ui,1.3.1.v201108191312,"org.eclipse.wst.sse.ui",1326442501160
started,bundle,org.eclipse.wst.validation,1.2.302.v201107140600,"org.eclipse.wst.validation",1326442501166
started,bundle,com.python.pydev.analysis,2.3.0.2011121518,"com.python.pydev.analysis",1326442501180
started,bundle,org.python.pydev,2.3.0.2011121518,"org.python.pydev",1326442501199
started,bundle,org.python.pydev.core,2.3.0.2011121518,"org.python.pydev.core",1326442501202
started,bundle,org.python.pydev.debug,2.3.0.2011121518,"org.python.pydev.debug",1326442501219
started,bundle,org.eclipse.cdt.core,5.3.1.201109151620,"org.eclipse.cdt.core",1326442501234
started,bundle,org.eclipse.cdt.make.core,7.1.1.201109151620,"org.eclipse.cdt.make.core",1326442501254
started,bundle,org.eclipse.cdt.managedbuilder.core,8.0.1.201109151620,"org.eclipse.cdt.managedbuilder.core",1326442501269
started,bundle,com.android.ide.eclipse.adt,16.0.1.v201112150204-238534,"com.android.ide.eclipse.adt",1326442501269
started,bundle,com.android.ide.eclipse.ddms,16.0.1.v201112150204-238534,"com.android.ide.eclipse.ddms",1326442501301
started,bundle,com.android.ide.eclipse.traceview,16.0.1.v201112150204-238534,"com.android.ide.eclipse.traceview",1326442501301
os,sysinfo,,,"linux",1326442501306
arch,sysinfo,,,"x86_64",1326442501306
ws,sysinfo,,,"gtk",1326442501306
locale,sysinfo,,,"en_US",1326442501306
processors,sysinfo,,,"2",1326442501306
java.runtime.name,sysinfo,,,"OpenJDK Runtime Environment",1326442501306
java.runtime.version,sysinfo,,,"1.6.0_22-b22",1326442501306
java.specification.name,sysinfo,,,"Java Platform API Specification",1326442501306
java.specification.vendor,sysinfo,,,"Sun Microsystems Inc.",1326442501306
java.specification.version,sysinfo,,,"1.6",1326442501306
java.vendor,sysinfo,,,"Sun Microsystems Inc.",1326442501306
java.version,sysinfo,,,"1.6.0_22",1326442501306
java.vm.info,sysinfo,,,"mixed mode",1326442501306
java.vm.name,sysinfo,,,"OpenJDK 64-Bit Server VM",1326442501306
java.vm.specification.name,sysinfo,,,"Java Virtual Machine Specification",1326442501306
java.vm.specification.vendor,sysinfo,,,"Sun Microsystems Inc.",1326442501306
java.vm.specification.version,sysinfo,,,"1.0",1326442501306
java.vm.vendor,sysinfo,,,"Sun Microsystems Inc.",1326442501306
java.vm.version,sysinfo,,,"20.0-b11",1326442501306
started,bundle,org.eclipse.cdt.ui,5.3.1.201109151620,"org.eclipse.cdt.ui",1326442502885
started,bundle,org.eclipse.cdt.make.ui,7.1.1.201109151620,"org.eclipse.cdt.make.ui",1326442502978
started,bundle,org.eclipse.dltk.core.index.sql.h2,3.0.0.v20110423,"org.eclipse.dltk.core.index.sql.h2",1326442505889
activated,workbench,org.eclipse.ui.workbench,3.7.0.I20110519-0100,"",1326442508585
activated,view,org.eclipse.ui.console,3.5.100.v20110511,"org.eclipse.ui.console.ConsoleView",1326442509608
executed,command,org.eclipse.ui,3.7.0.I20110602-0100,"org.eclipse.ui.edit.copy",1326442530564
deactivated,workbench,org.eclipse.ui.workbench,3.7.0.I20110519-0100,"",1326442530913
activated,workbench,org.eclipse.ui.workbench,3.7.0.I20110519-0100,"",1326442580013
deactivated,workbench,org.eclipse.ui.workbench,3.7.0.I20110519-0100,"",1326442580575
activated,workbench,org.eclipse.ui.workbench,3.7.0.I20110519-0100,"",1326442949608
deactivated,workbench,org.eclipse.ui.workbench,3.7.0.I20110519-0100,"",1326442950873
activated,workbench,org.eclipse.ui.workbench,3.7.0.I20110519-0100,"",1326443520857
deactivated,workbench,org.eclipse.ui.workbench,3.7.0.I20110519-0100,"",1326443521132
activated,workbench,org.eclipse.ui.workbench,3.7.0.I20110519-0100,"",1326443525304
activated,editor,org.eclipse.jdt.ui,3.7.0.v20110531-1200,"org.eclipse.jdt.ui.CompilationUnitEditor",1326443525342
deactivated,workbench,org.eclipse.ui.workbench,3.7.0.I20110519-0100,"",1326443526856
closed,workbench,org.eclipse.ui.workbench,3.7.0.I20110519-0100,"",1326443528260
started,bundle,org.eclipse.compare,3.5.200.I20110525-0800,"org.eclipse.compare",1326443529240
stopped,bundle,org.eclipse.jst.ws.axis.creation.ui,1.0.700.v201104070312,"org.eclipse.jst.ws.axis.creation.ui",1326443529692
stopped,bundle,org.eclipse.jst.ws.axis.consumption.ui,1.0.505.v201004211805,"org.eclipse.jst.ws.axis.consumption.ui",1326443529710
activated,perspective,org.eclipse.jdt.ui,,"org.eclipse.jdt.ui.JavaPerspective",1326443547962
started,bundle,org.eclipse.osgi,3.7.0.v20110613,"org.eclipse.osgi",1326443547965
started,bundle,org.eclipse.equinox.simpleconfigurator,1.0.200.v20110502-1955,"org.eclipse.equinox.simpleconfigurator",1326443547966
started,bundle,com.ibm.icu,4.4.2.v20110208,"com.ibm.icu",1326443547966
started,bundle,org.eclipse.compare.core,3.5.200.I20110208-0800,"org.eclipse.compare.core",1326443547977
started,bundle,org.eclipse.core.contenttype,3.4.100.v20110423-0524,"org.eclipse.core.contenttype",1326443547977
started,bundle,org.eclipse.core.databinding.observable,1.4.0.I20110222-0800,"org.eclipse.core.databinding.observable",1326443547978
started,bundle,org.eclipse.core.expressions,3.4.300.v20110228,"org.eclipse.core.expressions",1326443547978
started,bundle,org.eclipse.core.filebuffers,3.5.200.v20110505-0800,"org.eclipse.core.filebuffers",1326443547992
started,bundle,org.eclipse.core.filesystem,1.3.100.v20110423-0524,"org.eclipse.core.filesystem",1326443547993
started,bundle,org.eclipse.core.jobs,3.5.100.v20110404,"org.eclipse.core.jobs",1326443547993
started,bundle,org.eclipse.core.net,1.2.100.I20110511-0800,"org.eclipse.core.net",1326443547994
started,bundle,org.eclipse.core.resources,3.7.100.v20110510-0712,"org.eclipse.core.resources",1326443547994
started,bundle,org.eclipse.core.runtime,3.7.0.v20110110,"org.eclipse.core.runtime",1326443547994
started,bundle,org.eclipse.core.runtime.compatibility,3.2.100.v20100505,"org.eclipse.core.runtime.compatibility",1326443547995
started,bundle,org.eclipse.core.runtime.compatibility.auth,3.2.200.v20110110,"org.eclipse.core.runtime.compatibility.auth",1326443547995
started,bundle,org.eclipse.core.variables,3.2.500.v20110511,"org.eclipse.core.variables",1326443547996
started,bundle,org.eclipse.debug.core,3.7.0.v20110518,"org.eclipse.debug.core",1326443547997
started,bundle,org.eclipse.debug.ui,3.7.0.v20110518,"org.eclipse.debug.ui",1326443548018
started,bundle,org.eclipse.emf.ecore.xmi,2.7.0.v20110520-1406,"org.eclipse.emf.ecore.xmi",1326443548019
started,bundle,org.eclipse.epp.mpc.ui,1.1.0.I20110525-0742,"org.eclipse.epp.mpc.ui",1326443548020
started,bundle,org.eclipse.epp.usagedata.gathering,1.3.1.R201106061540,"org.eclipse.epp.usagedata.gathering",1326443548023
started,bundle,org.eclipse.epp.usagedata.recording,1.3.1.R201106061540,"org.eclipse.epp.usagedata.recording",1326443548027
started,bundle,org.eclipse.equinox.app,1.3.100.v20110321,"org.eclipse.equinox.app",1326443548036
started,bundle,org.eclipse.equinox.common,3.6.0.v20110523,"org.eclipse.equinox.common",1326443548037
started,bundle,org.eclipse.equinox.ds,1.3.0.v20110502,"org.eclipse.equinox.ds",1326443548038
started,bundle,org.eclipse.equinox.event,1.2.100.v20110502,"org.eclipse.equinox.event",1326443548047
started,bundle,org.eclipse.equinox.p2.core,2.1.0.v20110502-1955,"org.eclipse.equinox.p2.core",1326443548048
started,bundle,org.eclipse.equinox.p2.directorywatcher,1.0.300.v20110502-1955,"org.eclipse.equinox.p2.directorywatcher",1326443548048
started,bundle,org.eclipse.equinox.p2.engine,2.1.0.v20110511,"org.eclipse.equinox.p2.engine",1326443548049
started,bundle,org.eclipse.equinox.p2.metadata,2.1.0.v20110510,"org.eclipse.equinox.p2.metadata",1326443548050
started,bundle,org.eclipse.equinox.p2.metadata.repository,1.2.0.v20110511-1359,"org.eclipse.equinox.p2.metadata.repository",1326443548052
started,bundle,org.eclipse.equinox.p2.operations,2.1.0.v20110511-1821,"org.eclipse.equinox.p2.operations",1326443548053
started,bundle,org.eclipse.equinox.p2.reconciler.dropins,1.1.100.v20110510,"org.eclipse.equinox.p2.reconciler.dropins",1326443548056
started,bundle,org.eclipse.equinox.p2.repository,2.1.0.v20110601,"org.eclipse.equinox.p2.repository",1326443548057
started,bundle,org.eclipse.equinox.p2.ui.sdk.scheduler,1.0.100.v20110502-1955,"org.eclipse.equinox.p2.ui.sdk.scheduler",1326443548058
started,bundle,org.eclipse.equinox.p2.updatechecker,1.1.200.v20110502-1955,"org.eclipse.equinox.p2.updatechecker",1326443548058
started,bundle,org.eclipse.equinox.preferences,3.4.0.v20110502,"org.eclipse.equinox.preferences",1326443548063
started,bundle,org.eclipse.equinox.registry,3.5.100.v20110502,"org.eclipse.equinox.registry",1326443548064
started,bundle,org.eclipse.equinox.security,1.1.0.v20110502,"org.eclipse.equinox.security",1326443548064
started,bundle,org.eclipse.equinox.util,1.0.300.v20110502,"org.eclipse.equinox.util",1326443548065
started,bundle,org.eclipse.help,3.5.100.v20110426,"org.eclipse.help",1326443548084
started,bundle,org.eclipse.jdt.apt.core,3.3.500.v20110420-1015,"org.eclipse.jdt.apt.core",1326443548085
started,bundle,org.eclipse.jdt.core,3.7.0.v_B61,"org.eclipse.jdt.core",1326443548085
started,bundle,org.eclipse.jdt.core.manipulation,1.4.0.v20110505-0800,"org.eclipse.jdt.core.manipulation",1326443548086
started,bundle,org.eclipse.jdt.debug,3.7.0.v20110509,"org.eclipse.jdt.debug",1326443548087
started,bundle,org.eclipse.jdt.debug.ui,3.6.0.v20110512,"org.eclipse.jdt.debug.ui",1326443548087
started,bundle,org.eclipse.jdt.junit,3.7.0.v20110505-0800,"org.eclipse.jdt.junit",1326443548088
started,bundle,org.eclipse.jdt.launching,3.6.0.v20110509,"org.eclipse.jdt.launching",1326443548088
started,bundle,org.eclipse.jdt.ui,3.7.0.v20110531-1200,"org.eclipse.jdt.ui",1326443548088
